timeStamp,elapsed,label,responseCode,responseMessage,threadName,dataType,success,failureMessage,bytes,sentBytes,grpThreads,allThreads,Latency,IdleTime,Connect
1705001650730,732,/,0,OK,,unknown,true,None,19617,0,1,1,0,0,0
1705001655984,255,/,0,OK,,unknown,true,None,19617,0,1,1,0,0,0
1705001661253,262,/,0,OK,,unknown,true,None,19617,0,1,1,0,0,0
1705001666471,213,/,0,OK,,unknown,true,None,19617,0,1,1,0,0,0
1705001671723,244,/,0,OK,,unknown,true,None,19617,0,1,1,0,0,0
1705001676943,218,/,0,OK,,unknown,true,None,19617,0,1,1,0,0,0
1705001682179,223,/,0,OK,,unknown,true,None,19617,0,1,1,0,0,0
1705001687399,218,/,0,OK,,unknown,true,None,19617,0,1,1,0,0,0
1705001692611,200,/,0,OK,,unknown,true,None,19617,0,1,1,0,0,0
1705001697838,222,/,0,OK,,unknown,true,None,19617,0,1,1,0,0,0
1705001703064,216,/,0,OK,,unknown,true,None,19617,0,1,1,0,0,0
1705001708306,236,/,0,OK,,unknown,true,None,19617,0,1,1,0,0,0
1705001713534,219,/,0,OK,,unknown,true,None,19617,0,1,1,0,0,0
1705001718755,213,/,0,OK,,unknown,true,None,19617,0,1,1,0,0,0
1705001723978,212,/,0,OK,,unknown,true,None,19617,0,1,1,0,0,0
1705001729171,190,/,0,OK,,unknown,true,None,19617,0,1,1,0,0,0
1705001734392,217,/,0,OK,,unknown,true,None,19617,0,1,1,0,0,0
1705001739621,228,/,0,OK,,unknown,true,None,19617,0,1,1,0,0,0
1705001744864,231,/,0,OK,,unknown,true,None,19617,0,1,1,0,0,0
1705001750102,237,/,0,OK,,unknown,true,None,19617,0,1,1,0,0,0
1705001755314,213,/,0,OK,,unknown,true,None,19617,0,1,1,0,0,0
1705001760538,222,/,0,OK,,unknown,true,None,19617,0,1,1,0,0,0
